target_return,expected_return,volatility,sharpe,weight_US_Equity,weight_Europe_Equity,weight_EM_Equity,weight_Gov_Bonds,weight_Corp_Bonds,weight_Gold
0.01935293669390888,0.01935293669390888,0.04538549639029682,-0.014257050325651164,0.051133295108103105,2.312104433592236e-18,0.0018189463517049864,0.4,0.4,0.14704775854019186
0.021773226561963236,0.021773226561963233,0.04547246083305768,0.03899561469684367,0.03629721247923111,1.6790769795653158e-18,0.02062076950358564,0.4,0.4,0.14308201801718326
0.024193516430017596,0.02419351643001759,0.04572926785756607,0.09170311764183989,0.02503281728925456,0.0,0.03704351576796989,0.4,0.39677137803172197,0.14115228891105358
0.026613806298071953,0.026613806298071953,0.046087685293413845,0.1435048485504456,0.024238885146474626,8.598826234441323e-18,0.04649304547484715,0.4,0.3840790753482403,0.1451889940304379
0.02903409616612631,0.02903409616612631,0.04651924052561405,0.19420128239522802,0.02344494984622222,0.0,0.05594257778117316,0.4,0.37138677601150416,0.14922569636110045
0.03145438603418067,0.03145438603418068,0.04702191987701637,0.24359673242051982,0.022650425297760537,0.0,0.0653923928034796,0.4,0.3586949003706194,0.15326228152814034
0.03387467590223503,0.03387467590223504,0.04759346977484356,0.2915247820315207,0.02185694193804007,6.741811307381217e-18,0.07484170847306383,0.4,0.34600227626715047,0.15729907332174567
0.036294965770289386,0.03629496577028938,0.04823144190230165,0.3378494427617717,0.02106227499585104,1.9889156651054586e-18,0.08429147028221157,0.4,0.3333103823935886,0.16133587232834873
0.03871525563834374,0.03871525563834374,0.0489332383679797,0.3824650945356273,0.020268820128863326,9.629600309517434e-18,0.09374084669509695,0.4,0.32061781165786396,0.1653725215181758
0.0411355455063981,0.0411355455063981,0.049696155312550006,0.42529538499451364,0.019474948420729287,2.2529962593286827e-17,0.10319035808218799,0.4,0.30792547611524007,0.1694092173818425
0.043555835374452456,0.043555835374452456,0.050517423677186354,0.4662913042632113,0.01868106745893161,0.0,0.11263987245325159,0.4,0.2952331457814911,0.17344591430632564
0.04597612524250681,0.04597612524250681,0.05139424621076114,0.5054286648350107,0.017887053762352046,6.938140993830314e-18,0.12208943385257703,0.4,0.28254089435833224,0.17748261802673865
0.04839641511056117,0.048396415110561156,0.05232383012190418,0.5427052080171333,0.017092917112264107,0.0,0.13153903770068084,0.4,0.26984871492522144,0.18151933026183364
0.050816704978615526,0.050816704978615526,0.053303415088941326,0.5781375344749526,0.01629864211683789,4.3510386038333146e-17,0.1409886868388958,0.4,0.2571566140401493,0.18555605700411695
0.0532369948466699,0.053236994846669876,0.05433029659500301,0.611758023233888,0.01550553435159136,0.0,0.15043793287744753,0.4,0.2444638296132442,0.1895927031577169
0.05565728471472425,0.05565728471472425,0.055401844757463056,0.6436118665510852,0.014711585297335444,1.02473028147152e-16,0.15988747134144912,0.4,0.23177153972819386,0.1936294036330214
0.05807757458277861,0.058077574582778596,0.056515518960890694,0.6737543117869741,0.013917542591891829,3.720567760302348e-17,0.16933704361923083,0.4,0.21907930614678908,0.19766610764208828
0.06049786445083297,0.06049786445083296,0.05766887870219115,0.7022481685480427,0.013123426247288844,0.0,0.1787866791223877,0.4,0.20638715319983097,0.2017027414304924
0.06291815431888732,0.06291815431888732,0.05885959110098131,0.7291616118306976,0.012329687609334925,2.665160260608058e-17,0.1882360229156795,0.4,0.1936946190046108,0.20573967047037472
0.06533844418694168,0.06533844418694171,0.06008543554673259,0.7545662900567454,0.011535858860214217,7.81532469293166e-17,0.19768559504575536,0.4,0.18100233331620605,0.20977621277782427
0.06775873405499604,0.06775873405499602,0.06134430594249797,0.7785357307614402,0.010741918185014762,0.0,0.20713513061430408,0.4,0.16831003852253992,0.21381291267814126
0.0701790239230504,0.07017902392305038,0.06263421097734151,0.8011440256061195,0.009948232552016115,0.0,0.2165844822804596,0.4,0.15561749926856053,0.21784978589896392
0.07259931379110475,0.07259931379110474,0.06395327282016147,0.8224647695359639,0.009154668689914887,0.0,0.22603369302775822,0.39999999999999997,0.1429247905807897,0.2218868477015373
0.0750196036591591,0.0750196036591591,0.06529972458217159,0.8425702253908248,0.008360423122261896,1.2547767171760721e-17,0.2354834119856425,0.4,0.13023275184462185,0.22592341304747376
0.07743989352721346,0.07743989352721344,0.06667190685038411,0.8615306842222483,0.007566233408369192,0.0,0.24493321853903338,0.39999999999999997,0.11754078648208018,0.22995976157051717
0.07986018339526783,0.07986018339526785,0.06806826354543889,0.8794139923271033,0.006772463857302103,5.611225327254884e-17,0.254382618868184,0.4,0.10484831590576067,0.23399660136875303
0.08228047326332218,0.08228047326332218,0.06948733731821037,0.8962852178104757,0.005978544891192645,7.321499003404275e-17,0.26383212609422124,0.4,0.09215598771016147,0.2380333413044245
0.08470076313137655,0.08470076313137656,0.07092776465894671,0.9122064320296511,0.005184395741233595,0.0,0.2732818278323897,0.3999999999999999,0.07946390846799523,0.24206986795838148
0.0871210529994309,0.0871210529994309,0.07238827085872832,0.9272365840927901,0.004390410999396579,5.527000791730507e-17,0.2827313860736628,0.4,0.06677164687867972,0.24610655604826084
0.08954134286748526,0.08954134286748525,0.07386766493389309,0.9414314494673734,0.003596533991402531,5.833722120720929e-17,0.292180637604695,0.39999999999999997,0.054079054717616676,0.2501437736862858
0.09196163273553962,0.0919616327355396,0.07536483459876157,0.9548436365402984,0.0028025742979899365,8.624743718148223e-17,0.3016304142581093,0.4,0.041387003817866065,0.25418000762603465
0.09438192260359397,0.09438192260359402,0.07687874135207332,0.9675226375384466,0.0020086207193280472,9.326160118768845e-17,0.31107993531756745,0.3999999999999999,0.028694697757688865,0.25821674620541574
0.09680221247164833,0.09680221247164825,0.07840841572265599,0.979514912574064,0.0012146592925962455,1.1349884260467598e-16,0.3205291193207041,0.3999999999999997,0.01600205907713513,0.2622541623095648
0.09922250233970269,0.09922250233970271,0.07995271326222149,0.9908669650756704,9.098999408244195e-05,0.0,0.32940546954126765,0.39683965636549834,0.007202141170426885,0.2664617429287248
0.10164279220775704,0.10164279220775707,0.08150943366124179,1.0016361118035677,9.720256030015848e-17,0.0,0.33718115640456187,0.3907916870676109,0.0010621447989286926,0.27096501172889853
0.1040630820758114,0.10406308207581141,0.08307829970766552,1.0118536654169756,0.0,0.0,0.34408596664770086,0.3804414095878718,9.597623240934742e-17,0.2754726237644273
0.10648337194386576,0.10648337194386573,0.08465949195962376,1.021543715205754,1.1517633291225375e-17,0.0,0.35081853812782293,0.36920164862282256,5.772001167855373e-16,0.27997981324935406
0.10890366181192011,0.10890366181192013,0.08625235145248054,1.0307389922105519,4.115571546358145e-19,7.434779903038432e-18,0.35755110960794556,0.35796188765777354,7.668914587743606e-17,0.2844870027342809
0.11132395167997448,0.11132395167997448,0.08785624359701792,1.0394702520957118,0.0,1.2917694053630348e-16,0.3642836810880678,0.3467221266927247,0.0,0.288994192219208
0.11374424154802884,0.11374424154802881,0.08947057506549615,1.0477661675853114,0.0,0.0,0.37101625256819,0.33548236572767515,2.781105448250427e-16,0.29350138170413487
0.1161645314160832,0.11616453141608317,0.09109479085985038,1.0556534628202023,1.436212924653704e-16,0.0,0.3777489681866372,0.32424270795560584,1.2975414790509874e-16,0.2980083238577567
0.11858482128413755,0.11858482128413751,0.09272837158454672,1.0631570424403611,8.24335359306481e-17,0.0,0.38448139552843463,0.3130028437975769,0.0,0.30251576067398855
0.12100511115219191,0.12100511115219184,0.09437083091358751,1.0703001147110713,5.1453321432721377e-17,0.0,0.3912139670085566,0.30176308283252734,5.895983364406737e-16,0.30702295015891556
0.12342540102024627,0.12342540102024635,0.09602171324033579,1.0771043082868104,5.805401010433832e-17,6.15883828881891e-17,0.3979469619718559,0.29052362505187396,0.0,0.3115294129762705
0.12584569088830064,0.12584569088830064,0.09768900682203435,1.0834964376403762,0.0,1.3751942148361519e-16,0.4,0.27593364476058807,0.0,0.32406635523941213
0.12826598075635498,0.12826598075635504,0.09939627000509212,1.0892358511120037,0.0,0.0,0.4,0.25987383254054774,0.0,0.3401261674594524
0.13068627062440935,0.1306862706244093,0.10113984349466841,1.0943883913587835,0.004005712822905552,1.0656692802315549e-16,0.39999999999999986,0.24311229030581072,0.0,0.35288199687128374
0.1331065604924637,0.13310656049246364,0.10290972759018722,1.0990852190658087,0.009472786047179901,0.0,0.3999999999999999,0.2260947435841648,5.566576466483867e-16,0.36443247036865517
0.13552685036051806,0.1355268503605181,0.10470417658518939,1.1033642986201524,0.01493988565556782,0.0,0.39999999999999997,0.2090771922404889,0.0,0.3759829221039438
0.13794714022857243,0.1379471402285724,0.1065219490396878,1.107256685517722,0.020406932495728253,1.489972485840311e-16,0.3999999999999999,0.1920596501408724,2.455332655424639e-16,0.387533417363399
0.14036743009662678,0.14036743009662675,0.10836169190097354,1.1107931962397253,0.02492020617224341,1.3011635963765617e-16,0.4,0.1723672436754097,0.003939792489965259,0.3987727576623814
0.14278771996468115,0.14278771996468106,0.11024548393959963,1.1137664381060086,0.03598383927339093,0.0,0.39999999999999974,0.1395955442000014,0.024420616526608034,0.39999999999999997
0.1452080098327355,0.14520800983273546,0.11220574139662358,1.1158788157742447,0.04785938965024186,0.0,0.4,0.10523827957084192,0.04690233077891573,0.4
0.14762829970078986,0.14762829970078986,0.11423886871035735,1.1172055635843197,0.059734940027093814,0.0,0.4,0.07088101494168295,0.06938404503122253,0.4
0.15004858956884423,0.1500485895688442,0.11634104561437206,1.1178220797491165,0.07161049040394561,0.0,0.39999999999999974,0.036523750312523286,0.0918657592835316,0.3999999999999998
0.15246887943689857,0.15246887943689857,0.11850859763593263,1.1177997384109886,0.08348604078079673,0.0,0.4,0.002166485683365093,0.11434747353583782,0.4
0.15488916930495294,0.15488916930495292,0.1207661225462059,1.1169454352013617,0.11178551531218507,1.7126423534542215e-16,0.39999999999999997,3.8163916471489756e-17,0.08821448468781509,0.3999999999999998
0.1573094591730073,0.15730945917300723,0.12314379588890088,1.1150335116913765,0.1411903435414574,1.0904011146070016e-16,0.3999999999999999,9.679756995950584e-16,0.05880965645854228,0.3999999999999994
0.15972974904106166,0.15972974904106166,0.1256349187351125,1.1121887962984762,0.17059517177072844,1.2308824270985646e-17,0.4,0.0,0.029404828229271297,0.4
0.162150038909116,0.162150038909116,0.1282328794568629,1.1085303512734017,0.19999999999999996,0.0,0.4,0.0,0.0,0.4
